NW1,NW2,NW3,NW4,NW5,NW6,NW7,NW8,NW9,NW10,NW11,NW12,NW13,NW14,NW15,NW16,NW17,NW18,NW19,NW20
MIN,PTM,PAYTM,A,,,,,,,,,,,,,,,,
IIN,PayTm,Mobil,,,,,,,,,,,,,,,,,
INF,,Salary,Mar,,,,,,,,,,,,,,,,
MMT,Ref,,,,,,,,,,,,,,,,,,
ATM,CASH,WDL,,,,,,,,,,,,,,,,,
NFS,CASH,WDL,,,,Fee,Rs.,ST,Rs.,,,,,,,,,,
INFOTECH,BUSINESS,S,,ICI,,,,,,,,,,,,,,,
,,ICICI,,,,,,,,,,,,,,,,,
IIN,I,Debit,Vodafone,,,,,,,,,,,,,,,,
NEFT,SBIN,Mr,RADHA,RAMAN,,ATTN,,INB,,,,,,,,,,,
Chrg,,CW,XXXXXX,,A,,,Ref#,TBMS,,,,,,,,,,
Chrg,,Daily,Bal,Alerts,charges,for,AMJ,,,Ref#,TBMS,,,,,,,,
CASH,WITHDRAWAL,BY,SANJAY,KUMAR,,,,,,,,,,,,,,,
SAI,TRADING,COMP,,,,,,,,,,,,,,,,,
ATL,,,,SBP,OPP.MCD,PRY.SCHNEW,DEL,,Ref#,,,,,,,,,,
GARG,HYDRAULICS,,,,,,,,,,,,,,,,,,
BY,CLG,INST,,COB,AT,NEW,DELHI,,,,,,,,,,,,
IB,VESTIGE,MAY,FBD,Ref,,,Ref#,IMPS,,,,,,,,,,,
AP,BILLPAY,FOR,BP,VODAFONE,,,Ref#,EBPP,,,,,,,,,,,
ECSIDR,TP,ACH,IILAD,KMB,,,,,,,,,,,,,,,
FUND,TRF,TO,OM,AUTOELECTRO,PVT,LTD,,,,,,,,,,,,,
Chrg,,IMPS,Transaction,Dated,,,Ref#,TBMS,,,,,,,,,,,
ECSIDR,LENDING,KART,FINANCEAD,KMB,LK,,,,,,,,,,,,,,
ATW,,BOOTH,NO,,SECTOR,GRGHRIN,,Ref#,,,,,,,,,,,
CASH,DEPOSIT,SEC,,GGN,,,,,,,,,,,,,,,
Bulk,trn,Chg,Apr,,,S,Tax.,,,,,,,,,,,,
ACH,Janalakshmi,Financia,,,,,,,,,,,,,,,,,
CASH,PAID,SELFCHQ,,,,,,,,,,,,,,,,,
KOTAK,MAHINDRA,BANK,,,,,,,,,,,,,,,,,
LBTNE,LN,INST,MAY,,,,,,,,,,,,,,,,
CMS,,AD_CAPFIRL__,,,,,,,,,,,,,,,,,
ICICI,BANK,LOAN,A,C,NO.,LHMUM,,,,,,,,,,,,,
MMT,,,,,,,,,,,,,,,,,,,
SANTOSH,KALLAL,KANOJIYA,,,,,,,,,,,,,,,,,
HDB,FINANCIAL,SERVICES,LT,,,,,,,,,,,,,,,,
NHMUM,LN,INST,MAY,,,,,,,,,,,,,,,,
BRAHME,SANJIV,GAN,,TJS,,,,,,,,,,,,,,,
MPS,SUPER,FAST,,,,,,,,,,,,,,,,,
PRAJAKTA,D,JATHAR,,AXIS,,,,,,,,,,,,,,,
Dbt,card,Chg,Apr,,,,S,Tax.,,,,,,,,,,,
Mob,alrt,Chg,Apr,,,,S,Tax.,,,,,,,,,,,
BY,CASH,,,THANE,MANPADA,,,,,,,,,,,,,,
ATM,XFR,CR,,,,,,,,,,,,,,,,,
SIDHIVINAYAKJEWELLERS,,,,,,,,,,,,,,,,,,,
ACH,APHELION,FINANCE,PL,,,,,,,,,,,,,,,,
Chq,book,Chg,,May,,,S,Tax.,,,,,,,,,,,
OM,PRAKASH,,,,,,,,,,,,,,,,,,
BY,TRANSFER,Transfer,through,GCC,TRANSFER,FROM,,,,,,,,,,,,,
by,debit,card,POS,,C,RLY,KOPAR,KHAIRNE,BOMUMBAI,,,,,,,,,,
ATM,WDL,ATM,CASH,,KOPARKHIRANE,THANE,,,,,,,,,,,,,
BY,TRANSFER,NEFT,HDFC,N,SHETH,G,V,M,N,RE,TRANSFER,FROM,,,,,,,
TO,TRANSFER,,,TRANSFER,TO,,,,,,,,,,,,,,
DEBIT,CHARGES,FOR,SMS,,,QUARTERLY,,,,,,,,,,,,,
CREDIT,INTEREST,,,,,,,,,,,,,,,,,,
by,debit,card,SBIPG,www.helpchat.in,chandigarh,,,,,,,,,,,,,,
BY,CLEARING,,,CHEQUE,UBI,ByClearing,,,,,,,,,,,,,
BULK,POSTING,,DT,RR,,,,,,,,,,,,,,,
DEBIT,Tx,,,,,RP_CCAVI,,,,,,,,,,,,,
REVERSE,ATM,WDL,,,,,,,,,,,,,,,,,
DEBIT,ACHDr,CITI,BD,LNT,MF,,,,,,,,,,,,,,
TO,CLEARING,HDF,Reliance,Small,Cap,Fund,,,,,,,,,,,,,
by,debit,card,SBIPOSJUBILANT,FOODWORKS,LTD,MUMBAI,,,,,,,,,,,,,
NEFT,CITIN,AAKASH,SYSTEMS,PVT,LTD,,,IC,C,,CITI,,,,,,,,
TRFR,TO,SUPER,LINK,,,,,,,,,,,,,,,,
BY,CASH,,,BANGALORE,,,OMBR,LAYOUT,,,,,,,,,,,
MID,,CCARD,PMT,,,,,,,,,,,,,,,,
NEFT,,DEEPESH,KUMAR,SHARMA,,,,,,,,,,,,,,,
RTGS,RATNR,ZEN,LEFIN,PRIVATE,LIM,TED,,RATN,,,,,,,,,,,
NEFT,N,LALIT,V,SHARMA,,,HDFC,,,,,,,,,,,,
PRAVEEN,KUMAR,GARG,,,,,,,,,,,,,,,,,
PARVESHCHHABRA,,,,,,,,,,,,,,,,,,,
MMT,,,,,,,,,,,,,,,,,,,
TRFR,TO,SALARY,TRFR,,,,,,,,,,,,,,,,
MID,,CCARD,PMT,,,,,,,,,,,,,,,,
MIRIKA,COMPUTERS,,KBL,,,,,,,,,,,,,,,,
,,CBI,,,,,,,,,,,,,,,,,
NEFT,NEFTSDC,FUTURE,POINT,PROPMEHMOOD,AHMA,CHAW,,,JAKACANDLE,,,,,,,,,,
NEFT,SBIN,Mr,VINOD,CHAUHAN,,ATTN,,I,B,,SBIN,,,,,,,,
RMAHJAGDEEP,,,,,,,,,,,,,,,,,,,
H,R,SAHNI,,,,,,,,,,,,,,,,,
SKYWAYS,CONSTRUCTION,CO,,,,,,,,,,,,,,,,,
PR,COURIER,CARGO,SERVIC,,,,,,,,,,,,,,,,
RAINBOW,COMPUTERS,,,,,,,,,,,,,,,,,,
VINAY,COMPUTER,SYSTEMS,PV,,,,,,,,,,,,,,,,
MID,BALREC,,,,,,,,,,,,,,,,,,
GIB,,STAX,,,,,,,,,,,,,,,,,
CASH,PAID,SELF,CHQ,,,,,,,,,,,,,,,,
NEFT,ALLAH,Ms,CSP,COMPUTER,AND,PRINTER,,,ALLA,,,,,,,,,,
NEFT,,VIJAY,LAXMI,,,,,,,,,,,,,,,,
CAM,CASH,DEPOSIT,NEW,DELHI,NEHRUPLACE,,,,,,,,,,,,,,
ACH,LENDING,KART,FINANCE,LK,,,,,,,,,,,,,,,
MID,,CCARD,PMT,,,,,,,,,,,,,,,,
GETZ,IT,SOLUTIONS,,HDFC,,,,,,,,,,,,,,,
EPRIME,TRAVELS,CO,,KMB,,,,,,,,,,,,,,,
Mob,alrt,Chg,May,,,,,,,,,,,,,,,,
Penal,Chg,Jun,,,,,,,,,,,,,,,,,
UGST,,,,,,,,,,,,,,,,,,,
CGST,,,,,,,,,,,,,,,,,,,
NEFT,N,LALIT,V,SHARMA,,,HDFC,,,,,,,,,,,,
REJECT,,FUNDS,INSUFFICIENT,,,,,,,,,,,,,,,,
RTN,CHG,,FUNDS,INSUFFICIENT,..,,,,,,,,,,,,,,
CAM,CASH,DEPOSIT,NEW,DELHI,NEHRUPLACE,,,,,,,,,,,,,,
CHQ,PAID,MICR,CTS,CH,KOTAK,MAHINDRA,BANK,,,,,,,,,,,,
EMI,,CHQ,S,,,,,,,,,,,,,,,,
NEFT,CR,KKBK,REDIFF,COM,INDIA,LIM,ITED,AONE,TRADE,LINKS,KKBK,,Ref#,KKBK,,,,,
RTGS,CR,MAHB,MR.,KARAN,BHATIA,KUM,AR,A,ONE,TRADE,LINKS,,M,AHBR,,Ref#,MAHBR,,
FT,HDFCHFXSD,CMS_ECOLL_HERO,FINC,ORP,LTD,HDF,,,,,,,,,,,,,
HERO,FINCORP,L,,,Ref#,,,,,,,,,,,,,,
NEFT,DR,SYNB,VIJAY,TRADING,CORPOR,ATION,NETBANK,,MUM,N,,Ref#,N,,,,,,
CASH,DEP,FARIDABAD,HA,,,,,,,,,,,,,,,,
INST,ALERT,CHG,INC,GST,JUL,SEP,MIR,,Ref#,MIR,,,,,,,,,
AIRTEL,MOBILE,DELHI,HDFC,BILLPA,Y,ONLINEPAYMENT,,,Ref#,,,,,,,,,,
FT,,,CR,,,,,,GOGIA,METALS,,,,,,,,,
ADHOC,STMT,CHGS,INCL,GST,,MIR,,Ref#,MIR,,,,,,,,,,
.ACH,DEBIT,RETURN,CHARGES,,,MIR,,Ref#,MIR,,,,,,,,,,
JHDF,BILLDKVODAFONEINDIAL,,Ref#,,,,,,,,,,,,,,,,
FT,,,CR,,,,,,SUPER,KITCHEN,APPLIANCES,,,,,,,,
NEFT,CHGS,BRN,INCL,GST,,MIR,,Ref#,MIR,,,,,,,,,,
GST,BANK,REFERENCE,NO,,R,CI,N,NO,,HDFC,,Ref#,,,,,,,
POS,XXXXXX,M,S,USHA,SPEEDWA,PO,S,DEBIT,,,,,,,,,,,
ATW,XXXXXX,SANFD,FARIDABAD,,,,,,,,,,,,,,,,
IMPS,,ALLAHABAD,HDFC,,NO,REM,ARKS,,Ref#,,,,,,,,,,
CRV,POS,,,,,,,,HPCL,.,,CASH,,,,,,,
CHQ,DEP,MICR,CLG,NOIDA,,,MICR,,CLG,,,NO,,,,,,,
,,TPT,AONE,PAYTM,,Ref#,A,,,,,,,,,,,,
LHDF,LIC,OF,INDIA,,Ref#,,,,,,,,,,,,,,
,TPT,AONE,PAYTM,,Ref#,,,,,,,,,,,,,,
SI,HDFC,BHARTI,AIRTEL,,,,,,,,,,,,,,,,
FUEL,SURCHG,,,,,,,,DT,,,,,,,,,,
IB,BILLPAY,DR,HDFCTT,XXXXXX,,Ref#,IB,,,,,,,,,,,,
NHDF,BILLDKVODAFONEINDIAL,,Ref#,,,,,,,,,,,,,,,,
MMT,IMPS,,JINDAL,LUB,AXIS,BANK,LTD,,,,,,,,,,,,
CLG,CLG,,BRK,..,,,,,,,,,,,,,,,
TRFR,FROM,,S.N.J.OILS,,,,,,,,,,,,,,,,
REJECT,,FUNDS,INSUFFICIENT,,,,,,,,,,,,,,,,
RTN,CHG,,FUNDS,INSUFFICIENT,..,,,,,,,,,,,,,,
CMS,,BAJAJ_AUTO_CD__BLF,,,,,,,,,,,,,,,,,
TRFR,FROM,,SHREE,JI,LUBRICANTS,,,,,,,,,,,,,,
MMT,IMPS,,Bill,umesh,SBIN,,,,,,,,,,,,,,
CLG,MAHAVIR,SHARMA,,SBI,..,,,,,,,,,,,,,,
INF,,Jindal,lube,,,,,,,,,,,,,,,,
INF,,Bill,pushpa,,,,,,,,,,,,,,,,
Bulk,trn,Chg,Jul,GST,,,,,,,,,,,,,,,
REJECT,,EXCEEDS,ARRANGEMENT,,,,,,,,,,,,,,,,
CLG,SIGN,LIGHTS,UTI,,,,,,,,,,,,,,,,
INF,,Kuldeep,sharma,salary,,,,,,,,,,,,,,,
INF,,Garima,Impex,,,,,,,,,,,,,,,,
INF,,Zed,pro,,,,,,,,,,,,,,,,
NEFT,ALLAH,M,s.,N.,LIGHT,SOLAR,renewabl,,,,,,,,,,,,
NEFT,BKIDN,SRJ,TRADERS,SRJ,TRADERS,,,,,,,,,,,,,,
NEFT,N,AGM,SOLAR,ENERGY,LED,Light,P,,,,,,,,,,,,
MMT,IMPS,,SOMDEV,TRA,AXIS,BANK,LTD,,,,,,,,,,,,
MMT,IMPS,,Renewable,iob,IOBA,,,,,,,,,,,,,,
CMS,,BAJAJ_AUTO_CD__BLF,,,,,,,,,,,,,,,,,
INF,,Goodnick,,,,,,,,,,,,,,,,,
MMT,IMPS,,Renewable,iob,IOBA,,,,,,,,,,,,,,
ACH,TP,ACH,TATACAPFSL,,,,,,,,,,,,,,,,
ACH,LENDING,KART,FINANCE,LK,,,,,,,,,,,,,,,
NEFT,UTGBH,BUTOLA,ENTERPRISRS,,,,,,,,,,,,,,,,
INF,,,,,,,,,,,,,,,,,,,
INF,,renewabl,yes,bank,,,,,,,,,,,,,,,
CMS,,AD_CAPFIRL__,,,,,,,,,,,,,,,,,
INF,,Renewable,Iob,,,,,,,,,,,,,,,,
MMT,IMPS,,Naushad,PUNB,,,,,,,,,,,,,,,
INF,,Shankar,gope,,,,,,,,,,,,,,,,
NEFT,P,R,K,ENTERPRISES,NEFT,,,,,,,,,,,,,,
INF,,SunshinePowerSystem,,,,,,,,,,,,,,,,,
ACH,ECL,FINANCE,LTD,.,,,,,,,,,,,,,,,
ACH,ADITY,BIRLA,FINANCE,ABFLNDBIL,,,,,,,,,,,,,,,
MMT,IMPS,,RENWABLE,ENERGY,R,K,ENTERP,S,,,,,,,,,,,
MMT,IMPS,,company,expense,UBIN,,,,,,,,,,,,,,
MMT,IMPS,,Nilkamal,limite,CORP,,,,,,,,,,,,,,
ACH,INDIA,BULLS,HOUSING,HHLNOI,,,,,,,,,,,,,,,
ACH,NEOGROWTH,CREDIT,PVT,,,,,,,,,,,,,,,,
INF,,Solution,point,,,,,,,,,,,,,,,,
NEFT,N,RENEWABLE,ENERGY,INDUSTRIES,,,,,,,,,,,,,,,
INF,,Sunshine,power,system,,,,,,,,,,,,,,,
MMT,IMPS,,rei,,,INDIAN,OVERSE,,,,,,,,,,,,
ACH,UNITED,PETRO,FINANCE,_,,,,,,,,,,,,,,,
NEFT,P,VANSH,ENTERPRISES,,,,,,,,,,,,,,,,
NEFT,PUNBE,LUMINA,SERVICES,,,,,,,,,,,,,,,,
NEFT,ALLAH,M,s.,N.,LIGHT,SOLAR,RENEWABL,,,,,,,,,,,,
NEFT,N,AGM,SOLAR,ENERGY,Streetlight,,,,,,,,,,,,,,
TRF,MAGMA,FINCORP,LTD,ICICI,,,,,,,,,,,,,,,
INF,,Gonico,consultancy,se,,,,,,,,,,,,,,,
INF,,tirupati,led,fixture,,,,,,,,,,,,,,,
MMT,IMPS,,rajesh,salary,CBIN,,,,,,,,,,,,,,
MMT,IMPS,,marketing,UBIN,,,,,,,,,,,,,,,
ACH,AVANSE,FINANCIAL,SER,DELSB,,,,,,,,,,,,,,,
INF,,rent,,,,,,,,,,,,,,,,,
MMT,IMPS,,,IOBA,,,,,,,,,,,,,,,
TRFR,FROM,,LIGHTS,ZONES,,,,,,,,,,,,,,,
NEFT,UTGBH,SHREE,SHAKTI,ENTERPRISES,,,,,,,,,,,,,,,
MMT,IMPS,,MOBUA,Mr,MOHD,Y,S,,,,,,,,,,,,
INF,,SB,ELECTRONICS,,,,,,,,,,,,,,,,
INF,,salary,,,,,,,,,,,,,,,,,
INF,,CA,charges,,,,,,,,,,,,,,,,
ACH,UNITED,PETRO,FINANCE,_,,,,,,,,,,,,,,,
INF,,Wintech,Enterprises,,,,,,,,,,,,,,,,
NEFT,N,AGM,SOLAR,ENERGY,light,payme,,,,,,,,,,,,,
MMT,IMPS,,rei,IOBA,,,,,,,,,,,,,,,
NEFT,N,RENEWABLE,ENERGY,INDUSTRIES,,,,,,,,,,,,,,,
INF,,tirupati,,,,,,,,,,,,,,,,,
MMT,IMPS,,renewable,energ,RAM,ASRE,,A,,,,,,,,,,,
NEFT,ALLAH,KESHO,RAM,AND,CO.,,,,,,,,,,,,,,
Chq,rtn,Chg,Nov,,GST,,,,,,,,,,,,,,
MMT,IMPS,,,IOBA,,,,,,,,,,,,,,,
INF,,mahalxmi,pipe,,,,,,,,,,,,,,,,
MMT,IMPS,,RENEWABLE,IOB,IOBA,,,,,,,,,,,,,,
NEFT,ALLAH,M,s.,WELLWET,ENTERPRISES,,,,,,,,,,,,,,
ACH,UNITED,PETRO,FINANCE,_,,,,,,,,,,,,,,,
NEFT,PUNBH,JIVITECH,ELECTRONICS,,,,,,,,,,,,,,,,
CLG,MPK,MACHINE,TOOLS,,CBI,..,,,,,,,,,,,,,
INF,,durga,metal,,,,,,,,,,,,,,,,
ECSRTNCHG_SR,,,,,,,,,,,,,,,,,,,
MMT,IMPS,,pay,acount,MATRIKA,AS,INDIAN,,,,,,,,,,,,
INF,,NeoGrowthCreditPrivat,,,,,,,,,,,,,,,,,
NEFT,IOBAN,M,V,ENTERPRISES,,,,,,,,,,,,,,,
NEFT,,GRENOBLE,ELECTRONICS,PVT,LTD,,OT,,,,,,,,,,,,
INF,,promotion,,,,,,,,,,,,,,,,,
MMT,IMPS,,Sign,lights,UTIB,,,,,,,,,,,,,,
UPI,,Payment,from,Ph,,ybl,Pu,,,,,,,,,,,,
MMT,IMPS,,renewable,energ,RAM,ASRE,,A,,,,,,,,,,,
MMT,IMPS,,zedpro,UTIB,,,,,,,,,,,,,,,
MMT,IMPS,,Maha,laxmi,pipe,KKBK,,,,,,,,,,,,,
ACH,INDIAMART,INTERMESH,YESB,,,,,,,,,,,,,,,,
NEFT,N,CLEON,POWERTECH,SOLUTION,,,,,,,,,,,,,,,
MMT,IMPS,,Bittu,Reflector,CBIN,,,,,,,,,,,,,,
INF,,SB,electronics,,,,,,,,,,,,,,,,
RTGS,ALLAR,N,LIGHT,SOLAR,,,,,,,,,,,,,,,
NEFT,N,JYANTI,ENGINEERING,,,,,,,,,,,,,,,,
NEFT,ALLAH,M,s.,PRATIBHA,SOLAR,COMPANY,,,,,,,,,,,,,
CASH,PAID,Self,,GHAZIABAD,H.A.S.,,,,,,,,,,,,,,
INF,,,,,,,,,,,,,,,,,,,
NEFT,N,SAI,SOLAR,TECHNOLOGY,PVT,LTD,,,,,,,,,,,,,
INF,,Universe,Electronics,,,,,,,,,,,,,,,,
MMT,IMPS,,IDIBN,,,,,,,,,,,,,,,,
MMT,IMPS,,,,INDUSIND,BANK,L,,,,,,,,,,,,
INF,,payment,,,,,,,,,,,,,,,,,
UPI,,Payment,from,Ph,,ybl,Ko,,,,,,,,,,,,
BIL,,Telephone,bill,Airte,AIRT,,,,,,,,,,,,,,
NEFT,ALLAH,M,s.,VISHAL,,,,,,,,,,,,,,,
INF,,SignLights,,,,,,,,,,,,,,,,,
MMT,IMPS,,Rent,YESB,,,,,,,,,,,,,,,
MMT,IMPS,,,SHANKAR,GO,YES,BANK,LT,,,,,,,,,,,
MMT,IMPS,,Renewable,JITENDRA,,YES,BAN,,,,,,,,,,,,
CLG,N,K,PACKER,DCB,,,,,,,,,,,,,,,
MMT,IMPS,,SaritaDharmende,IDIBN,,,,,,,,,,,,,,,
MMT,IMPS,,Vidya,KKBK,,,,,,,,,,,,,,,
TRFR,FROM,,SHREE,KRISHNA,ENTERPRISES,,,,,,,,,,,,,,
NEFT,PUNBE,TEEKARAM,S,O,RAM,KISHORE,,,,,,,,,,,,,
MMT,IMPS,,nilkamal,CORP,,,,,,,,,,,,,,,
MMT,IMPS,,Gurukirpaelectr,VIJB,,,,,,,,,,,,,,,
MMT,IMPS,,Renewableiob,IOBA,,,,,,,,,,,,,,,
NEFT,IOBAN,ADITYA,SOLAR,SHOP,,,,,,,,,,,,,,,
TRFR,FROM,,PYRAMID,ELECTRONIC,SOLUTIONS,,,,,,,,,,,,,,
INF,,UniverseElectronics,,,,,,,,,,,,,,,,,
CLG,CLG,,PNB,..,,,,,,,,,,,,,,,
INF,,BittuReflector,,,,,,,,,,,,,,,,,
REJECT,,INSTRUMENT,MUTILATED,REQUIRES,BANKS,,,,,,,,,,,,,,
BY,CASH,DADRI,,,,,,,,,,,,,,,,,
INF,,UlsFoodsPrivateLimite,,,,,,,,,,,,,,,,,
MMT,IMPS,,MB,,CABINET,PAY,MOHAMMAD,A,K,,,,,,,,,,
MMT,IMPS,,shamspower,MAHB,,,,,,,,,,,,,,,
INF,,Pcb,Nd,Light,,,,,,,,,,,,,,,
GIB,,DTAX,,,,,,,,,,,,,,,,,
MMT,IMPS,,GarimaImpex,BARBSHAHDA,,,,,,,,,,,,,,,
CMS,,DDR__PG,,P,,,,,,,,,,,,,,,
MMT,IMPS,,VikasGiri,SBIN,,,,,,,,,,,,,,,
INF,,ShamsPower,,,,,,,,,,,,,,,,,
INF,,SureshDubey,,,,,,,,,,,,,,,,,
CLG,VINAYAK,INDUSTRIES,KMB,,,,,,,,,,,,,,,,
INF,,SBElectronics,,,,,,,,,,,,,,,,,
INF,,KSInternational,,,,,,,,,,,,,,,,,
INF,,ZedproTechnolgies,,,,,,,,,,,,,,,,,
MMT,IMPS,,RENEWABLE,ICICI,,,I,,,,,,,,,,,,
NEFT,UTGBH,SHREE,SHAKTI,ENTERPRISES,,,,,,,,,,,,,,,
NEFT,SAA,J,D,ENTERPRISES,,,FAST,,,,,,,,,,,,
INF,,sunpowerphotovaltic,,,,,,,,,,,,,,,,,
INF,,SaritaDharmender,,,,,,,,,,,,,,,,,
MMT,IMPS,,DelhiFoundry,YESB,,,,,,,,,,,,,,,
MMT,IMPS,,MOBTXN,JITENDRA,,YES,BANK,L,,,,,,,,,,,
CLG,SAI,SOLAR,TECHNOL,,HDF,..,,,,,,,,,,,,,
NEFT,SAA,SINGH,INTERNATIONAL,,,PAYMENT,,,,,,,,,,,,,
INF,,Renewable,Energy,,,,,,,,,,,,,,,,
MMT,IMPS,,vikasmehtaniren,YESB,,,,,,,,,,,,,,,
INF,,Billing,payment,,,,,,,,,,,,,,,,
MMT,IMPS,,Street,light,sy,MOHAMMAD,S,Y,,,,,,,,,,,
NEFT,N,SUNRATOR,SOLAR,ENERGY,CREATI,,,,,,,,,,,,,,
MMT,IMPS,,SolutionPoint,HDFC,,,,,,,,,,,,,,,
MMT,IMPS,,Yashvardhansing,SBIN,,,,,,,,,,,,,,,
MMT,IMPS,,rv,solar,IDFB,,,,,,,,,,,,,,
MMT,IMPS,,yes,SHANKAR,GO,YES,BANK,LTD,,,,,,,,,,,
INF,,rei,,,,,,,,,,,,,,,,,
INF,,Roopnaryantiwari,,,,,,,,,,,,,,,,,
NEFT,P,PARIN,LIGHTNING,SOLU,,,,,,,,,,,,,,,
UPI,,UPI,metroelectronic,Corporation,B,,,,,,,,,,,,,,
INF,,ZEDPROTECHNOLGIES,,,,,,,,,,,,,,,,,
BIL,,Bill,pay,PICO,,,,,,,,,,,,,,,
NEFT,UTGBH,BUTOLA,ENTERPRISES,,,,,,,,,,,,,,,,
MMT,IMPS,,sunshinepowersy,KKBK,,,,,,,,,,,,,,,
NEFT,SAA,SINGH,INTERNATIONAL,,,PAYMENT,,,,,,,,,,,,,
MMT,IMPS,,zedpro,UTIB,,,,,,,,,,,,,,,
INF,,Renewableiob,,,,,,,,,,,,,,,,,
NEFT,R,V,K,SOLAR,ENERGY,DEVLOPMENT,,,,,,,,,,,,,
INF,,RENEWABLE,ENERGY,INDU,,,,,,,,,,,,,,,
INF,,VOLTECH,POWER,SYSTEMS,,,,,,,,,,,,,,,
INF,,zedpro,,,,,,,,,,,,,,,,,
INF,,GARIMAIMPEX,,,,,,,,,,,,,,,,,
NEFT,ALLAH,M,s.,RA,ENTERPRISES,,,,,,,,,,,,,,
MMT,IMPS,,MB,,CABINET,PAY,MOHAMMAD,A,K,,,,,,,,,,
INF,,DurgaMetalWorks,,,,,,,,,,,,,,,,,
MMT,IMPS,,renewable,,,INDIAN,,,,,,,,,,,,,
MMT,IMPS,,SuryanshEnergy,IBKL,,,,,,,,,,,,,,,
NEFT,SAA,GEE,LIGHTING,TECHNO,,FAST,,,,,,,,,,,,,
ECSRTNCHG_SR,,,,,,,,,,,,,,,,,,,
NEFT,N,SUNRATOR,SOLAR,ENERGY,CREATI,,,,,,,,,,,,,,
MMT,IMPS,,KajalPanchal,PSIB,,,,,,,,,,,,,,,
MMT,IMPS,,prashantkumar,UBIN,,,,,,,,,,,,,,,
INF,,ZEDPROTECHNOLOGY,,,,,,,,,,,,,,,,,
MMT,IMPS,,kuldeep,sharma,IDIBN,,,,,,,,,,,,,,
IMPS,,HERMES,I,TICKETS,PVT,H,DFC,XXXXXXXXXXX,RCJOLU,,Ref#,,,,,,,,
IMPS,,HERMES,I,TICKETS,PVT,H,DFC,XXXXXXXXXXX,I,,Ref#,,,,,,,,
,,TPT,OK,,Ref#,A,,,,,,,,,,,,,
EMI,,CHQ,S,,,,,,,,,,,,,,,,
INST,ALERT,CHG,INC,ST,&,EC,JAN,MAR,,,,,,,,,,,
,,RD,INSTALLMENT,MAY,,,,,,,,,,,,,,,
CASH,DEP,SECTOR,,,,G,,,,,,,,,,,,,
IMPS,,MAHESH,PRAJAPAT,PUNB,X,XXXXXXXXXXX,SALARY,,Ref#,,,,,,,,,,
,,TPT,ANUJ,MITTAL,,Ref#,A,,,,,,,,,,,,
NEFT,DR,CORP,NEERU,KADIAN,NETBANK,,,MUM,N,,Ref#,N,,,,,,,
NEFT,DR,ANDB,ANUJ,MITTAL,NETBANK,,MUM,N,,Ref#,N,,,,,,,,
IMPS,PP,,#,,,,,,,,,,,,,,,,
CASH,DEP,SECTOR,A,GU,,,,,,,,,,,,,,,
NEFT,DR,SYNB,PRADEEP,KUMAR,NETBAN,K,,MUM,N,,Ref#,N,,,,,,,
ATW,XXXXXX,SACND,GURGAON,,,,,,,,,,,,,,,,
CHQ,DEP,MICR,CLG,NOIDA,,,MICR,,CLG,,,NO,,,,,,,
,,TPT,INSTALLMENT,,Ref#,A,,,,,,,,,,,,,
NEFT,DR,IBKL,RAJESH,TANWAR,NETBAN,K,,MUM,N,,Ref#,N,,,,,,,
NEFT,DR,UTIB,TEJPAL,NETBANK,,MUM,N,,Ref#,N,,,,,,,,,
EMI,,CHQ,S,,,,,,,,,,,,,,,,
MATURED,RD.,TRANSFER,CR,,,,,,,,,,,,,,,,
,,TPT,FT,,Ref#,A,,,,,,,,,,,,,
IMPS,,TEJ,PAL,HDFC,XXXXXXXXX,XX,KARZA,,Ref#,,,,,,,,,,
NEFT,DR,ICIC,DR,SATYARTHI,PATH,LA,B,PVT,LTD,NETBANK,,MUM,N,,Ref#,N,,,
NEFT,DR,SBINCARDS,SHAKUNTALA,ARYA,NETB,ANK,,MUM,N,,Ref#,N,,,,,,,
NEFT,DR,ICIC,PRADEEP,KUMAR,NETBAN,K,,MUM,N,,Ref#,N,,,,,,,
IMPS,,KAMAL,KANT,HDFC,XXXXXX,XXXXX,LALA,MONEY,,Ref#,,,,,,,,,
NEFT,CR,YESB,KAMAL,KANT,MAURYA,SH,REE,KRISHNA,PHARMACY,N,,Ref#,N,,,,,,
NEFT,DR,ICIC,AMIT,ARORA,NETBANK,,MUM,N,,Ref#,N,,,,,,,,
,TECHCREDIT,INFORMATI,,Ref#,,,,,,,,,,,,,,,
CHQ,PAID,MICR,CTS,NO,VIJAYKUMAR,,,,,,,,,,,,,,
IB,RD,OPENING,DR,,,,,,,,,,,,,,,,
NWD,XXXXXX,SPCND,GURGAON,,Ref#,,,,,,,,,,,,,,
POS,XXXXXX,PTM,ONE,COMMUN,PO,S,DEBIT,,Ref#,,,,,,,,,,
IMPS,,RAJESH,TANWAR,IBKL,XXX,XXXXXXXXX,INSTALLMENT,,Ref#,,,,,,,,,,
FEE,ATM,CASH,TXN,,,,AOR,,Ref#,AOR,,,,,,,,,
NEFT,DR,CORP,REKHA,ARORA,NETBANK,,MUM,N,,Ref#,N,,,,,,,,
NWD,XXXXXX,,GURGAON,,Ref#,,,,,,,,,,,,,,
POS,XXXXXX,VIDYA,BISLA,POS,DEB,IT,,,,,,,,,,,,,
POS,XXXXXX,KULDEEP,WINE,CO,POS,DEBIT,,,,,,,,,,,,,
POS,XXXXXX,KULDEEP,WINES,POS,D,EBIT,,,,,,,,,,,,,
POS,XXXXXX,SHREE,BIKANER,SW,PO,S,DEBIT,,,,,,,,,,,,
INST,ALERT,CHG,INC,GST,APR,JUN,MIR,,Ref#,MIR,,,,,,,,,
IMPS,,DR,SATYARTHI,PATH,LAB,PVT,LTD,ICIC,XXXXXXXX,LAB,FEE,,Ref#,,,,,,
,,TPT,PAYMENT,,Ref#,A,,,,,,,,,,,,,
POS,XXXXXX,JANTA,SWEETS,POS,DE,BIT,,,,,,,,,,,,,
ATW,XXXXXX,SANAB,AMBALA,,,,,,,,,,,,,,,,
POS,XXXXXX,JAI,MATA,FILLING,PO,S,DEBIT,,,,,,,,,,,,
IMPS,,RAJESH,TANWAR,IBKL,XXX,XXXXXXXXX,LOAN,INSTALMENT,,Ref#,,,,,,,,,
POS,XXXXXX,RAM,AVTAR,FILLIN,PO,S,DEBIT,,,,,,,,,,,,
IMPS,,TEKCHAND,TANWAR,SBIN,X,XXXXXX,INSTALMENT,,Ref#,,,,,,,,,,
FUEL,SURCHG,,,,,,,,DT,,,,,,,,,,
NEFT,DR,SBIN,TAJENDER,SHARMA,NETB,ANK,,MUM,N,,Ref#,N,,,,,,,
,,TPT,ANIL,KHATANA,,Ref#,A,,,,,,,,,,,,
POS,XXXXXX,SAMRUDHI,ENTERPR,PO,S,DEBIT,,,,,,,,,,,,,
CRV,POS,,,,,,,,JAI,MATA,FILLIN,,,,,,,,
,,TPT,ARYA,,Ref#,A,,,,,,,,,,,,,
,,TPT,VICKY,,Ref#,A,,,,,,,,,,,,,
IMPS,,DR,SATYARTHI,PATH,LAB,PVT,LTD,ICIC,XXXXXXXX,SORRY,SIR,,Ref#,,,,,,
CHQ,DEP,,,TRANSFER,OW,,,,NOIDA,WBO,,,,,,,,,
POS,XXXXXX,VAAIBHAV,ENTERPR,PO,S,DEBIT,,,,,,,,,,,,,
IMPS,PP,TXN,CHRG,,MIR,,Ref#,MIR,,,,,,,,,,,
NEFT,DR,SBIN,TAJENDER,SHARMA,NETB,ANK,,MUM,N,,Ref#,N,,,,,,,
NEFT,DR,SYNB,MANJIT,KUMAR,NETBANK,,,MUM,N,,Ref#,N,,,,,,,
,,TPT,BACK,,Ref#,A,,,,,,,,,,,,,
IMPS,,SHILPA,..,HDFC,XXXXXX,XX,DR.RAJESH,,Ref#,,,,,,,,,,
IMPS,,TEJPAL,UTIB,XXXXXXXXXX,X,FEE,,Ref#,,,,,,,,,,,
,,TPT,PAYMENT,,Ref#,A,,,,,,,,,,,,,
NEFT,DR,SYNB,MANJIT,KUMAR,NETBANK,,,MUM,N,,Ref#,N,,,,,,,
IMPS,,DR,SATYARTHI,PATH,LAB,PVT,LTD,ICIC,XXXXXXXX,OCTOBER,PAYMEN,T,,Ref#,,,,,
.IMPS,PP,#,,,,,MIR,,Ref#,MIR,,,,,,,,,
FT,,,CR,,,,,,SHREE,KRISHNA,HOSPITAL,,,,,,,,
EAW,XXXXXX,AG,GURGAON,,Ref#,,,,,,,,,,,,,,
,,TPT,DUE,,Ref#,A,,,,,,,,,,,,,
CHQ,PAID,MICR,CTS,NO,RAHUL,SINGH,,,,,,,,,,,,,
NEFT,DR,SBINCARDS,RAJESH,TANWAR,SBI,CA,RD,NETBANK,,MUM,N,CARD,PA,YMENT,,Ref#,N,,
NEFT,DR,ICIC,DR,SATYARTHI,PATH,LA,B,PVT,LTD,NETBANK,,MUM,N,NOVEMBER,,,Ref#,N,
IMPS,,KAMAL,KANT,HDFC,XXXXXX,XXXXX,UDHAR,RETURN,,Ref#,,,,,,,,,
,,TPT,ITR,,Ref#,A,,,,,,,,,,,,,
IMPS,,ANUJ,MITTAL,ANDB,XXXXX,XXXXXX,ITR,PARTIAL,PAYMENT,,Ref#,,,,,,,,
REV,IMPS,,ANUJ,MITTAL,ANDB,X,XXXXXXXXXX,ITR,PARTIAL,PAYMENT,,Ref#,,,,,,,
NEFT,DR,KKBK,ANUJ,KUMAR,NETBANK,,MUM,N,ITR,PAYMENT,,Ref#,N,,,,,,
,CCARELIANCEGENERAL,,Ref#,,,,,,,,,,,,,,,,
POS,XXXXXX,OM,SAI,GENERAL,S,PO,S,DEBIT,,,,,,,,,,,
POS,XXXXXX,RAM,AVTAR,FILLIN,PO,S,DEBIT,,,,,,,,,,,,
LHDF,SBI,CARDS,,Ref#,,,,,,,,,,,,,,,
IMPS,,PRADEEP,KUMAR,SYNB,XXX,XXXXXXX,MEDICINE,CHARGES,,Ref#,,,,,,,,,
POS,XXXXXX,AMAZON,SELLER.,POS,DEBIT,,,,,,,,,,,,,,
,SEP,RAJESH,TANWAR,,Ref#,,,,,,,,,,,,,,
,,TPT,UDHAR,,Ref#,A,,,,,,,,,,,,,
NEFT,DR,SBIN,TEKCHAND,TANWAR,NETB,ANK,,MUM,N,QUANTO,PAYMENT,,Ref#,N,,,,,
CRV,POS,,,,,,,,DISCOUNT,ON,FUE,,,,,,,,
CHQ,PAID,MICR,CTS,NO,RAJESH,GUPTA,,,,,,,,,,,,,
,TPT,FEE,BRAIN,YOGA,,Ref#,,,,,,,,,,,,,
POS,XXXXXX,KHYBER,SERVICE,S,PO,S,DEBIT,,,,,,,,,,,,
NEFT,DR,SBIN,ARCCON,NETBANK,,MUM,N,REGISTRATION,FEE,O,,Ref#,N,,,,,,
CRV,POS,,,,,,,,KHYBER,SERVICE,,,,,,,,,
POS,XXXXXX,MCDONALD,S,POS,DEBI,T,,,,,,,,,,,,,
EAW,XXXXXX,DLBN,GURGAON,HA,,Ref#,,,,,,,,,,,,,
POS,XXXXXX,PTM,PAYTM,POS,DEBIT,,Ref#,,,,,,,,,,,,
,,TPT,MANJIT,,Ref#,A,,,,,,,,,,,,,
NEFT,DR,SYNB,MANJIT,KUMAR,NETBANK,,,MUM,N,INTEREST,,Ref#,N,,,,,,
IMPS,,DR,SATYARTHI,PATH,LAB,PVT,LTD,ICIC,XXXXXXXX,FEE,JANUARY,,,Ref#,,,,,
FT,,,CR,,,,,,SHREE,KRISHNA,HOSPITAL,,,,,,,,
IMPS,,SHAKUNTALA,TANWAR,HDFC,,XXXXXXXXXXX,UDHAR,,Ref#,,,,,,,,,,
EMI,,CHQ,S,,,,,,,,,,,,,,,,
IMPS,,DR,SATYARTHI,PATH,LAB,PVT,LTD,ICIC,XXXXXXXX,PAYMENT,FEBRUA,RY,,Ref#,,,,,
NEFT,DR,SYNB,MANJIT,KUMAR,NETBANK,,,MUM,N,INTEREST,,Ref#,N,,,,,,
CHQ,DEP,,,MICR,CLG,,,NOIDA,WBO,,,,,,,,,,
,,TPT,PAYMENT,FOR,MEDICIN,E,,Ref#,A,,,,,,,,,,
NEFT,DR,KKBK,ANUJ,KUMAR,NETBANK,,MUM,N,ADVANCE,TAX,PAYMEN,,Ref#,N,,,,,
,,TPT,FEE,,Ref#,A,,,,,,,,,,,,,
NEFT,DR,ICIC,DR,SATYARTHI,PATH,LA,B,PVT,LTD,NETBANK,,MUM,N,MARCH,PAYMENT,,Ref#,N,
IMPS,,SUNIL,TOMAR,HDFC,XXXXX,XXX,,,Ref#,,,,,,,,,,
,,TPT,TUV,,,Ref#,A,,,,,,,,,,,,
,,TPT,TUV,,Ref#,A,,,,,,,,,,,,,
CHQ,PAID,,,SECTOR,,,,G,,,,,,,,,,,
IB,CASH,WDL,CHGS,INCL,GST,,MIR,,Ref#,MIR,,,,,,,,,
CASH,DEP,KHANDSA,ROAD,,,,,,,,,,,,,,,,
WDL,TFR,,,AT,,ATM,SWITCH,,,,,,,,,,,,
T,CASH,DEP,USD,.,.,,,,,,,,,,,,,,
T,CASH,WDL,Service,,,,,,,,,,,,,,,,
WDL,TFR,EXCHANGE,ON,FOREIGN,AT,,HINDU,COLON,,,,,,,,,,,
ATM,WDL,ATM,CASH,,,KURL,,,,,,,,,,,,,
CAS,CASH,CHEQUE,AT,,ANTOP,HILL,,,,,,,,,,,,,
ATM,WDL,ATM,CASH,,,BAND,,,,,,,,,,,,,
ATM,WDL,ATM,CASH,,MUMBR,,,,,,,,,,,,,,
CSH,DEP,,CDM,,CDM,,STATEBANK,,,,,,,,,,,,
ATM,WDL,ATM,CASH,,,FIRE,,,,,,,,,,,,,
ATM,WDL,ATM,CASH,,,SBI,,,,,,,,,,,,,
DEP,TFR,NEFT,CITI,CIT,IN,PAYPAL,,AT,,PAYMENT,SYS,NEFT,CITI,CIT,IN,PAYPAL,,,
ATM,WDL,ATM,CASH,,SION,,,,,,,,,,,,,,
WDL,TFR,UPI,DR,,,AT,,ANTOP,HILL,,,,,,,,,,
DEP,TFR,UPI,CR,,,AT,,ANTOP,HILL,UPI,CR,,,,,,,,
CAS,CHQ,XFER,WD,WITHDRAWAL,TRANSFER,AT,,ANTOP,HILL,,,,,,,,,,
DEP,TFR,INB,IMPS,AT,,INTERNET,BA,,,,,,,,,,,,
CHQ,DEP,SRC,,,,,,,,,,,,,,,,,
DEBIT,ATMCard,AMC,,,,,,,,,,,,,,,,,
CSH,DEP,,CDM,,CDM,,STATEBANK,,,,,,,,,,,,
CHQ,TRFR,FROM,tr,frm,,AT,,MATUNGA,,MU,,,,,,,,,
DEBIT,SMS,CHARGES,MAR,MAY,,,,,,,,,,,,,,,
CAS,CHQ,XFER,WD,WITHDRAWAL,TRANSFER,TRF,TO,,AT,,ANTOP,HILL,,,,,,,
DEP,TFR,INB,IMPS,AT,,INTERNET,BA,,,,,,,,,,,,
POS,ATM,PURCH,OTHPG,,IR,,,,,,,,,,,,,,
AC,KEEPING,FEES,,,,,,,,,,,,,,,,,
MIN,BAL,CHGCAOT,,,,,,,,,,,,,,,,,
ATM,WDL,ATM,CASH,,SBI,I,,,,,,,,,,,,,
ATM,WDL,ATM,CASH,,,BOB,,,,,,,,,,,,,
ATM,WDL,ATM,CASH,,,SBIM,,,,,,,,,,,,,
BY,CASH,,,,,,,,,,,,,,,,,,
BY,CLG,,,,,,,,,,,,,,,,,,
ACH,Debit,,,INTELLECASH,MICROFIN,,,,,,,,,,,,,,
MBK,,,,,loan,,,,,,,,,,,,,,
AT,MUMBAI,,GHATKOPAR,,EAST,,,MUMBAI,,GHATKOPAR,,EAST,,,,,CASH,RECEIPT,
AT,MUMBAI,,NARIMAN,POINT,,KALI,MAHAKALI,MASALA,AND,,,,,,,,,,
AT,CPU,MUMBAI,,,SMS,CHARGES,DEC,QTR,,,,,,,,,,,
AT,MUMBAI,,GHATKOPAR,,EAST,,,,MGC,,,,,,,,,,
AT,CCU,,,MUMBAI,,BRAJ,TRADING,,,,,,,,,,,,
AT,CCU,,,MUMBAI,,DEV,INTERNATIONAL,,,,,,,,,,,,
AT,CPU,MUMBAI,,,SMS,Charges,,,,,,,,,,,,,
AT,MUMBAI,,GHATKOPAR,,EAST,,,MUMBAI,,GHATKOPAR,,EAST,,,,,CASH,RECEIPT,
AT,MUMBAI,,GHATKOPAR,,EAST,,,,NKG,,,,,,,,,,
AT,MUMBAI,,GHATKOPAR,,EAST,,,,MGC,,,,,,,,,,
AT,MUMBAI,,GHATKOPAR,,EAST,,,IMPS,,KALPESH,M,HDFC,Ban,XX,pranay,,,,
MOB,SELFFT,N,MAHESH,,,,,,,,,,,,,,,,
ECS,BAJAJ,AUTO,FINAN,LWKLR,,,,,,,,,,,,,,,
MOB,TPFT,SANDHYA,ROAD,LI,,,,,,,,,,,,,,,
IMPS,PA,,,OD,TN,,,,,,,,,,,,,,
MOB,TPFT,SANDHYA,ROAD,LI,,,,,,,,,,,,,,,
ATM,CASH,HOSKOTE,HOSKOTE,,,,,,,,,,,,,,,,
POS,MOHAN,AND,COMPANY,Bangalore,HQ,,,,,,,,,,,,,,
ATM,CASH,,MELINA,PETE,HOSKO,BANGALORE,RUR,,,,,,,,,,,,
Service,Tax,,.,,on,Charge,,,,,,,,,,,,,
Consolidated,Charges,for,A,c,,,,,,,,,,,,,,,
BPR_EMI_,,,,,,,,,,,,,,,,,,,
NEFT,,ANAND,MARBLE,,URGENT,,,,,,,,,,,,,,
INB,IFT,N,MAHESH,SELF,TRANSFER,,,,,,,,,,,,,,
BRN,BY,CASH,BY,CASH,,,,,,,,,,,,,,,
Cash,Dep,Chrg,on,Rs..,at,SOL,,,,,,,,,,,,,
ATM,CASH,AXIS,TWAW,,,BANGALORE,,,,,,,,,,,,,
BPR_EMI_,,,,,,,,,,,,,,,,,,,
SAK,CASH,DEP,SAK,,BY,CASHbharath,,,,,,,,,,,,,
Dr,Card,Charges,ANNUAL,XXXXXXXX,,,,,,,,,,,,,,,
GST,,,,on,Charge,,,,,,,,,,,,,,
CASH,AXIS,RVSL,,,,,,,,,,,,,,,,,
YOURSELF,DD,SUNDARAM,FINANCE,,,,,,,,,,,,,,,,
DD,Cancln,,,,,,,,,,,,,,,,,,
YOURSELF,DD,PAYABLE,,,,,,,,,,,,,,,,,
BRN,CLG,CHQ,PAID,TO,RADIANT,RETREADS,,,,,,,,,,,,,
TRF,S,ZAKEER,TRANSFER,,,,,,,,,,,,,,,,
RTGS,HSBCR,SUNDARAM,FINANCE,LIMIT,,,,,,,,,,,,,,,
TRF,,NARENDRA,M,C,,,,,,,,,,,,,,,
By,Clg,,COB,BANGALORE,,,,,,,,,,,,,,,
REFUND,BHARAT,PETROLEUM,CORPO\NH,,P,DT.,,,,,,,,,,,,,
BY,CLG,,ZN,MICROUT,SET,,,,,,,,,,,,,,
RAJESH,KUMAR,BISHNOI,,,,,,,,,,,,,,,,,
NEFT,GN,FLIPKART,INTERNET,PVT,hlp,,,,,,,,,,,,,,
IMPS,PA,,YESB,,,,,,,,,,,,,,,,
NACH,DR,,TP,ACH,UIA,,,,,,,,,,,,,,
ECS,BAJAJ,FINANCE,LI,BFR,,,,,,,,,,,,,,,
INB,NEFT,AXIR,MACHHINDRA,TU,Aaditya,co,,,,,,,,,,,,,
,Int,Recovery,,,,,,,,,,,,,,,,,
NEFT,FLIPKART,INTERNET,P,LTD,,,,,,,,,,,,,,,
IMPS,RRN,STCON,,,,,,,,,,,,,,,,,
MERV,,,M,MDUI,,,,,,,,,,,,,,,
BLF,,,,,,,,,,,,,,,,,,,
MEDR,WWW,OLACABS,,,,,,,,,,,,,,,,,
ECL,FINANCE,LTD,HF,,,,,,,,,,,,,,,,
MEDR,recharge_pay,,,,,,,,,,,,,,,,,,
MEDR,SHAH,LEKH,RA,,,,,,,,,,,,,,,,
MEDR,CHOKHI,DHANI,,,,,,,,,,,,,,,,,
BUPI,,,,,,,UPI,,,,,,,,,,,,
LEDG.FOL.CHGS,SGST,,,,,,,,,,,,,,,,,,
Int,,,,,,,,,,,,,,,,,,,
CWDR,,,CJP,,,,,,,,,,,,,,,,
IMPS,RRN,STCON,,,,,,,,,,,,,,,,,
Int,,,,,,,,,,,,,,,,,,,
NEFT,JASPER,INFOTECH,PL,,,BR,,,,,,,,,,,,,
IMPS,Rej,,,,,,,,,,,,,,,,,,
Charges,for,NEFT,BKIDN,,,,,,,,,,,,,,,,
GST,for,NEFT,BKIDN,,,,,,,,,,,,,,,,
IMPS,RRN,STCON,,,,,,,,,,,,,,,,,
